Workbook

Sheet README
A1: Mini Video Annotation Project - workbook guide
A2: Yellow cells are for you to fill in. Everything else is formula-driven or fixed. Row 2 of each input sheet holds a blue EXAMPLE row; overwrite it with real data.
A3: 1. Clips: enter 50 clip titles, source URLs and licence (CC-BY or public dataset).
A4: 2. Labels: label each clip per annotation_guidelines.md. Dropdowns enforce allowed values.
A5: 3. Caption_Eval: paste an AI-generated caption per clip, rate it 1-5 and mark error types (Y/N).
A6: 4. Relabel: 20 clips are pre-picked (clip numbers 3,5,8,10,13,15,18,20,23,25,28,30,33,35,38,40,43,45,48,50). Re-label them 2-3 days later WITHOUT looking at Round 1.
A7: 5. Summary: counts, caption scores and agreement rates calculate automatically.
A8: Tip: hide the Round 1 columns (B:E) in Relabel before Round 2 so you can't peek.
A9: Assumption: about 1 minute per clip, so ~50 min for labeling; this is the timing driver for the project.

Sheet Clips
A1: Clip_ID | B1: Title / description | C1: Source URL | D1: Licence | E1: Duration_s
A2: C001 | B2: EXAMPLE: person chopping vegetables | C2: https://youtube.com/watch?v=EXAMPLE | D2: CC-BY | E2: 10
A3: C002
A4: C003
A5: C004
A6: C005
A7: C006
A8: C007
A9: C008
A10: C009
A11: C010
A12: C011
A13: C012
A14: C013
... A51: C050

Sheet Labels
A1: Clip_ID | B1: Scene | C1: Main_Action | D1: Objects (max 5) | E1: Audio_Event(s) | F1: Safety_Flag | G1: Confidence | H1: Notes
A2: =Clips!A2 -> C001 | B2: indoor_home | C2: cooking | D2: knife, cutting_board, pot | E2: music | F2: safe | G2: High | H2: EXAMPLE row - overwrite
A3: =Clips!A3 -> C002
A4: =Clips!A4 -> C003
A5: =Clips!A5 -> C004
A6: =Clips!A6 -> C005
A7: =Clips!A7 -> C006
A8: =Clips!A8 -> C007
A9: =Clips!A9 -> C008
A10: =Clips!A10 -> C009
A11: =Clips!A11 -> C010
A12: =Clips!A12 -> C011
A13: =Clips!A13 -> C012
A14: =Clips!A14 -> C013
... A51: =Clips!A51 -> C050

Sheet Caption_Eval
A1: Clip_ID | B1: AI tool used | C1: AI caption (paste) | D1: Accuracy 1-5 | E1: Missed object/action? | F1: Hallucinated detail? | G1: Wrong scene/audio? | H1: Safety missed? | I1: Error note / ambiguity
A2: =Clips!A2 -> C001 | B2: EXAMPLE tool | C2: A man is cooking pasta in a kitchen. | D2: 3 | E2: Y | F2: Y | G2: N | H2: N | I2: Said pasta; clip shows vegetables. Missed music.
A3: =Clips!A3 -> C002
A4: =Clips!A4 -> C003
A5: =Clips!A5 -> C004
A6: =Clips!A6 -> C005
A7: =Clips!A7 -> C006
A8: =Clips!A8 -> C007
A9: =Clips!A9 -> C008
A10: =Clips!A10 -> C009
A11: =Clips!A11 -> C010
A12: =Clips!A12 -> C011
A13: =Clips!A13 -> C012
A14: =Clips!A14 -> C013
... A51: =Clips!A51 -> C050

Sheet Relabel
A1: Clip_ID | B1: R1 Scene | C1: R1 Action | D1: R1 Safety | E1: R1 Confidence | F1: R2 Scene (day 3+) | G1: R2 Action | H1: R2 Safety | I1: R2 Confidence | J1: Scene match | K1: Action match | L1: Safety match | M1: Conf match | N1: All 3 core match | O1: Reason for disagreement
A2: =Clips!A4 -> C003 | B2: =Labels!B4 -> 0 | C2: =Labels!C4 -> 0 | D2: =Labels!F4 -> 0 | E2: =Labels!G4 -> 0 | J2: =IF(F2="","",IF(F2=B2,1,0)) | K2: =IF(G2="","",IF(G2=C2,1,0)) | L2: =IF(H2="","",IF(H2=D2,1,0)) | M2: =IF(I2="","",IF(I2=E2,1,0)) | N2: =IF(OR(J2="",K2="",L2=""),"",IF(AND(J2=1,K2=1,L2=1),1,0))
A3: =Clips!A6 -> C005 | B3: =Labels!B6 -> 0 | C3: =Labels!C6 -> 0 | D3: =Labels!F6 -> 0 | E3: =Labels!G6 -> 0 | J3: =IF(F3="","",IF(F3=B3,1,0)) | K3: =IF(G3="","",IF(G3=C3,1,0)) | L3: =IF(H3="","",IF(H3=D3,1,0)) | M3: =IF(I3="","",IF(I3=E3,1,0)) | N3: =IF(OR(J3="",K3="",L3=""),"",IF(AND(J3=1,K3=1,L3=1),1,0))
A4: =Clips!A9 -> C008 | B4: =Labels!B9 -> 0 | C4: =Labels!C9 -> 0 | D4: =Labels!F9 -> 0 | E4: =Labels!G9 -> 0 | J4: =IF(F4="","",IF(F4=B4,1,0)) | K4: =IF(G4="","",IF(G4=C4,1,0)) | L4: =IF(H4="","",IF(H4=D4,1,0)) | M4: =IF(I4="","",IF(I4=E4,1,0)) | N4: =IF(OR(J4="",K4="",L4=""),"",IF(AND(J4=1,K4=1,L4=1),1,0))
A5: =Clips!A11 -> C010 | B5: =Labels!B11 -> 0 | C5: =Labels!C11 -> 0 | D5: =Labels!F11 -> 0 | E5: =Labels!G11 -> 0 | J5: =IF(F5="","",IF(F5=B5,1,0)) | K5: =IF(G5="","",IF(G5=C5,1,0)) | L5: =IF(H5="","",IF(H5=D5,1,0)) | M5: =IF(I5="","",IF(I5=E5,1,0)) | N5: =IF(OR(J5="",K5="",L5=""),"",IF(AND(J5=1,K5=1,L5=1),1,0))
A6: =Clips!A14 -> C013 | B6: =Labels!B14 -> 0 | C6: =Labels!C14 -> 0 | D6: =Labels!F14 -> 0 | E6: =Labels!G14 -> 0 | J6: =IF(F6="","",IF(F6=B6,1,0)) | K6: =IF(G6="","",IF(G6=C6,1,0)) | L6: =IF(H6="","",IF(H6=D6,1,0)) | M6: =IF(I6="","",IF(I6=E6,1,0)) | N6: =IF(OR(J6="",K6="",L6=""),"",IF(AND(J6=1,K6=1,L6=1),1,0))
A7: =Clips!A16 -> C015 | B7: =Labels!B16 -> 0 | C7: =Labels!C16 -> 0 | D7: =Labels!F16 -> 0 | E7: =Labels!G16 -> 0 | J7: =IF(F7="","",IF(F7=B7,1,0)) | K7: =IF(G7="","",IF(G7=C7,1,0)) | L7: =IF(H7="","",IF(H7=D7,1,0)) | M7: =IF(I7="","",IF(I7=E7,1,0)) | N7: =IF(OR(J7="",K7="",L7=""),"",IF(AND(J7=1,K7=1,L7=1),1,0))
A8: =Clips!A19 -> C018 | B8: =Labels!B19 -> 0 | C8: =Labels!C19 -> 0 | D8: =Labels!F19 -> 0 | E8: =Labels!G19 -> 0 | J8: =IF(F8="","",IF(F8=B8,1,0)) | K8: =IF(G8="","",IF(G8=C8,1,0)) | L8: =IF(H8="","",IF(H8=D8,1,0)) | M8: =IF(I8="","",IF(I8=E8,1,0)) | N8: =IF(OR(J8="",K8="",L8=""),"",IF(AND(J8=1,K8=1,L8=1),1,0))
A9: =Clips!A21 -> C020 | B9: =Labels!B21 -> 0 | C9: =Labels!C21 -> 0 | D9: =Labels!F21 -> 0 | E9: =Labels!G21 -> 0 | J9: =IF(F9="","",IF(F9=B9,1,0)) | K9: =IF(G9="","",IF(G9=C9,1,0)) | L9: =IF(H9="","",IF(H9=D9,1,0)) | M9: =IF(I9="","",IF(I9=E9,1,0)) | N9: =IF(OR(J9="",K9="",L9=""),"",IF(AND(J9=1,K9=1,L9=1),1,0))
A10: =Clips!A24 -> C023 | B10: =Labels!B24 -> 0 | C10: =Labels!C24 -> 0 | D10: =Labels!F24 -> 0 | E10: =Labels!G24 -> 0 | J10: =IF(F10="","",IF(F10=B10,1,0)) | K10: =IF(G10="","",IF(G10=C10,1,0)) | L10: =IF(H10="","",IF(H10=D10,1,0)) | M10: =IF(I10="","",IF(I10=E10,1,0)) | N10: =IF(OR(J10="",K10="",L10=""),"",IF(AND(J10=1,K10=1,L10=1),1,0))
A11: =Clips!A26 -> C025 | B11: =Labels!B26 -> 0 | C11: =Labels!C26 -> 0 | D11: =Labels!F26 -> 0 | E11: =Labels!G26 -> 0 | J11: =IF(F11="","",IF(F11=B11,1,0)) | K11: =IF(G11="","",IF(G11=C11,1,0)) | L11: =IF(H11="","",IF(H11=D11,1,0)) | M11: =IF(I11="","",IF(I11=E11,1,0)) | N11: =IF(OR(J11="",K11="",L11=""),"",IF(AND(J11=1,K11=1,L11=1),1,0))
A12: =Clips!A29 -> C028 | B12: =Labels!B29 -> 0 | C12: =Labels!C29 -> 0 | D12: =Labels!F29 -> 0 | E12: =Labels!G29 -> 0 | J12: =IF(F12="","",IF(F12=B12,1,0)) | K12: =IF(G12="","",IF(G12=C12,1,0)) | L12: =IF(H12="","",IF(H12=D12,1,0)) | M12: =IF(I12="","",IF(I12=E12,1,0)) | N12: =IF(OR(J12="",K12="",L12=""),"",IF(AND(J12=1,K12=1,L12=1),1,0))
A13: =Clips!A31 -> C030 | B13: =Labels!B31 -> 0 | C13: =Labels!C31 -> 0 | D13: =Labels!F31 -> 0 | E13: =Labels!G31 -> 0 | J13: =IF(F13="","",IF(F13=B13,1,0)) | K13: =IF(G13="","",IF(G13=C13,1,0)) | L13: =IF(H13="","",IF(H13=D13,1,0)) | M13: =IF(I13="","",IF(I13=E13,1,0)) | N13: =IF(OR(J13="",K13="",L13=""),"",IF(AND(J13=1,K13=1,L13=1),1,0))
A14: =Clips!A34 -> C033 | B14: =Labels!B34 -> 0 | C14: =Labels!C34 -> 0 | D14: =Labels!F34 -> 0 | E14: =Labels!G34 -> 0 | J14: =IF(F14="","",IF(F14=B14,1,0)) | K14: =IF(G14="","",IF(G14=C14,1,0)) | L14: =IF(H14="","",IF(H14=D14,1,0)) | M14: =IF(I14="","",IF(I14=E14,1,0)) | N14: =IF(OR(J14="",K14="",L14=""),"",IF(AND(J14=1,K14=1,L14=1),1,0))
A15: =Clips!A36 -> C035 | B15: =Labels!B36 -> 0 | C15: =Labels!C36 -> 0 | D15: =Labels!F36 -> 0 | E15: =Labels!G36 -> 0 | J15: =IF(F15="","",IF(F15=B15,1,0)) | K15: =IF(G15="","",IF(G15=C15,1,0)) | L15: =IF(H15="","",IF(H15=D15,1,0)) | M15: =IF(I15="","",IF(I15=E15,1,0)) | N15: =IF(OR(J15="",K15="",L15=""),"",IF(AND(J15=1,K15=1,L15=1),1,0))
A16: =Clips!A39 -> C038 | B16: =Labels!B39 -> 0 | C16: =Labels!C39 -> 0 | D16: =Labels!F39 -> 0 | E16: =Labels!G39 -> 0 | J16: =IF(F16="","",IF(F16=B16,1,0)) | K16: =IF(G16="","",IF(G16=C16,1,0)) | L16: =IF(H16="","",IF(H16=D16,1,0)) | M16: =IF(I16="","",IF(I16=E16,1,0)) | N16: =IF(OR(J16="",K16="",L16=""),"",IF(AND(J16=1,K16=1,L16=1),1,0))
A17: =Clips!A41 -> C040 | B17: =Labels!B41 -> 0 | C17: =Labels!C41 -> 0 | D17: =Labels!F41 -> 0 | E17: =Labels!G41 -> 0 | J17: =IF(F17="","",IF(F17=B17,1,0)) | K17: =IF(G17="","",IF(G17=C17,1,0)) | L17: =IF(H17="","",IF(H17=D17,1,0)) | M17: =IF(I17="","",IF(I17=E17,1,0)) | N17: =IF(OR(J17="",K17="",L17=""),"",IF(AND(J17=1,K17=1,L17=1),1,0))
A18: =Clips!A44 -> C043 | B18: =Labels!B44 -> 0 | C18: =Labels!C44 -> 0 | D18: =Labels!F44 -> 0 | E18: =Labels!G44 -> 0 | J18: =IF(F18="","",IF(F18=B18,1,0)) | K18: =IF(G18="","",IF(G18=C18,1,0)) | L18: =IF(H18="","",IF(H18=D18,1,0)) | M18: =IF(I18="","",IF(I18=E18,1,0)) | N18: =IF(OR(J18="",K18="",L18=""),"",IF(AND(J18=1,K18=1,L18=1),1,0))
A19: =Clips!A46 -> C045 | B19: =Labels!B46 -> 0 | C19: =Labels!C46 -> 0 | D19: =Labels!F46 -> 0 | E19: =Labels!G46 -> 0 | J19: =IF(F19="","",IF(F19=B19,1,0)) | K19: =IF(G19="","",IF(G19=C19,1,0)) | L19: =IF(H19="","",IF(H19=D19,1,0)) | M19: =IF(I19="","",IF(I19=E19,1,0)) | N19: =IF(OR(J19="",K19="",L19=""),"",IF(AND(J19=1,K19=1,L19=1),1,0))
A20: =Clips!A49 -> C048 | B20: =Labels!B49 -> 0 | C20: =Labels!C49 -> 0 | D20: =Labels!F49 -> 0 | E20: =Labels!G49 -> 0 | J20: =IF(F20="","",IF(F20=B20,1,0)) | K20: =IF(G20="","",IF(G20=C20,1,0)) | L20: =IF(H20="","",IF(H20=D20,1,0)) | M20: =IF(I20="","",IF(I20=E20,1,0)) | N20: =IF(OR(J20="",K20="",L20=""),"",IF(AND(J20=1,K20=1,L20=1),1,0))
A21: =Clips!A51 -> C050 | B21: =Labels!B51 -> 0 | C21: =Labels!C51 -> 0 | D21: =Labels!F51 -> 0 | E21: =Labels!G51 -> 0 | J21: =IF(F21="","",IF(F21=B21,1,0)) | K21: =IF(G21="","",IF(G21=C21,1,0)) | L21: =IF(H21="","",IF(H21=D21,1,0)) | M21: =IF(I21="","",IF(I21=E21,1,0)) | N21: =IF(OR(J21="",K21="",L21=""),"",IF(AND(J21=1,K21=1,L21=1),1,0))

Sheet Summary
A1: Metric | B1: Value | C1: Note
A2: Clips with a title | B2: =COUNTA(Clips!B2:B51) -> 1 | C2: Rows with a title in Clips
A3: Clips labeled (Scene filled) | B3: =COUNTA(Labels!B2:B51) -> 1
A4: Safe clips | B4: =COUNTIF(Labels!F2:F51,"safe") -> 1
A5: Unsafe clips | B5: =COUNTIF(Labels!F2:F51,"unsafe") -> 0
A6: Needs_review clips | B6: =COUNTIF(Labels!F2:F51,"needs_review") -> 0
A7: Low-confidence labels | B7: =COUNTIF(Labels!G2:G51,"Low") -> 0
A8: Captions rated | B8: =COUNT(Caption_Eval!D2:D51) -> 1
A9: Mean caption accuracy (1-5) | B9: =IFERROR(AVERAGE(Caption_Eval!D2:D51),"n/a") -> 3
A10: Captions with hallucinated detail | B10: =COUNTIF(Caption_Eval!F2:F51,"Y") -> 1
A11: Captions that missed object/action | B11: =COUNTIF(Caption_Eval!E2:E51,"Y") -> 1
A12: Captions with wrong scene/audio | B12: =COUNTIF(Caption_Eval!G2:G51,"Y") -> 0
A13: Captions that missed a safety issue | B13: =COUNTIF(Caption_Eval!H2:H51,"Y") -> 0
A14: Re-labeled clips completed | B14: =COUNT(Relabel!N2:N21) -> 0 | C14: Target: 20
A15: Scene agreement | B15: =IFERROR(SUM(Relabel!J2:J21)/COUNT(Relabel!J2:J21),"n/a") -> n/a | C15: Exact-match rate
A16: Action agreement | B16: =IFERROR(SUM(Relabel!K2:K21)/COUNT(Relabel!K2:K21),"n/a") -> n/a | C16: Exact-match rate
A17: Safety agreement | B17: =IFERROR(SUM(Relabel!L2:L21)/COUNT(Relabel!L2:L21),"n/a") -> n/a | C17: Exact-match rate
A18: Confidence agreement | B18: =IFERROR(SUM(Relabel!M2:M21)/COUNT(Relabel!M2:M21),"n/a") -> n/a | C18: Exact-match rate
A19: Overall agreement (scene+action+safety) | B19: =IFERROR(SUM(Relabel!N2:N21)/COUNT(Relabel!N2:N21),"n/a") -> n/a | C19: Headline consistency number
